{
    "incoming_traffic": true,
    "outgoing_traffic": false,
    "vehicle_count": 2,
    "vehicles": [
        {
            "type": "car",
            "bbox": [
                724,
                596,
                1276,
                1195
            ],
            "color": "rgb(91, 93, 99)",
            "lane": "Left",
            "make": null,
            "logo_bbox": null,
            "license_plate_present": false,
            "license_plate_bbox": null,
            "license_plate_color": null
        },
        {
            "type": "car",
            "bbox": [
                0,
                408,
                301,
                1014
            ],
            "color": "rgb(84, 88, 96)",
            "lane": "Left",
            "make": null,
            "logo_bbox": null,
            "license_plate_present": false,
            "license_plate_bbox": null,
            "license_plate_color": null
        }
    ]
}