{
    "incoming_traffic": true,
    "outgoing_traffic": false,
    "vehicle_count": 2,
    "vehicles": [
        {
            "type": "truck",
            "bbox": [
                621,
                67,
                1342,
                1001
            ],
            "color": "rgb(75, 64, 52)",
            "lane": "Left",
            "make": null,
            "logo_bbox": null,
            "license_plate_present": false,
            "license_plate_bbox": null,
            "license_plate_color": null
        },
        {
            "type": "car",
            "bbox": [
                0,
                330,
                372,
                806
            ],
            "color": "rgb(51, 51, 53)",
            "lane": "Left",
            "make": null,
            "logo_bbox": null,
            "license_plate_present": false,
            "license_plate_bbox": null,
            "license_plate_color": null
        }
    ]
}