{
    "incoming_traffic": true,
    "outgoing_traffic": false,
    "vehicle_count": 2,
    "vehicles": [
        {
            "type": "truck",
            "bbox": [
                532,
                64,
                1322,
                1126
            ],
            "color": "rgb(68, 71, 66)",
            "lane": "Left",
            "make": null,
            "logo_bbox": null,
            "license_plate_present": false,
            "license_plate_bbox": null,
            "license_plate_color": null
        },
        {
            "type": "bus",
            "bbox": [
                531,
                59,
                1311,
                1139
            ],
            "color": "rgb(68, 70, 65)",
            "lane": "Left",
            "make": null,
            "logo_bbox": null,
            "license_plate_present": false,
            "license_plate_bbox": null,
            "license_plate_color": null
        }
    ]
}