{
    "incoming_traffic": true,
    "outgoing_traffic": true,
    "vehicle_count": 2,
    "vehicles": [
        {
            "type": "car",
            "bbox": [
                187,
                219,
                605,
                611
            ],
            "color": "rgb(141, 141, 141)",
            "lane": "Left",
            "make": null,
            "logo_bbox": null,
            "license_plate_present": false,
            "license_plate_bbox": null,
            "license_plate_color": null
        },
        {
            "type": "car",
            "bbox": [
                785,
                563,
                1353,
                1164
            ],
            "color": "rgb(139, 139, 139)",
            "lane": "Right",
            "make": null,
            "logo_bbox": null,
            "license_plate_present": false,
            "license_plate_bbox": null,
            "license_plate_color": null
        }
    ]
}