{
    "incoming_traffic": true,
    "outgoing_traffic": true,
    "vehicle_count": 2,
    "vehicles": [
        {
            "type": "car",
            "bbox": [
                1109,
                60,
                1543,
                223
            ],
            "color": "rgb(44, 45, 49)",
            "lane": "Right",
            "make": null,
            "logo_bbox": null,
            "license_plate_present": false,
            "license_plate_bbox": null,
            "license_plate_color": null
        },
        {
            "type": "truck",
            "bbox": [
                362,
                166,
                1101,
                1149
            ],
            "color": "rgb(89, 90, 93)",
            "lane": "Left",
            "make": null,
            "logo_bbox": null,
            "license_plate_present": false,
            "license_plate_bbox": null,
            "license_plate_color": null
        }
    ]
}