{
    "incoming_traffic": true,
    "outgoing_traffic": true,
    "vehicle_count": 2,
    "vehicles": [
        {
            "type": "truck",
            "bbox": [
                519,
                369,
                1325,
                1386
            ],
            "color": "rgb(64, 62, 66)",
            "lane": "Left",
            "make": null,
            "logo_bbox": null,
            "license_plate_present": false,
            "license_plate_bbox": null,
            "license_plate_color": null
        },
        {
            "type": "car",
            "bbox": [
                1525,
                220,
                1973,
                613
            ],
            "color": "rgb(89, 94, 102)",
            "lane": "Right",
            "make": null,
            "logo_bbox": null,
            "license_plate_present": false,
            "license_plate_bbox": null,
            "license_plate_color": null
        }
    ]
}