{
    "incoming_traffic": false,
    "outgoing_traffic": true,
    "vehicle_count": 1,
    "vehicles": [
        {
            "type": "truck",
            "bbox": [
                799,
                66,
                1645,
                1148
            ],
            "color": "rgb(113, 113, 113)",
            "lane": "Right",
            "make": null,
            "logo_bbox": null,
            "license_plate_present": false,
            "license_plate_bbox": null,
            "license_plate_color": null
        }
    ]
}