{
    "incoming_traffic": true,
    "outgoing_traffic": false,
    "vehicle_count": 1,
    "vehicles": [
        {
            "type": "car",
            "bbox": [
                196,
                555,
                795,
                1148
            ],
            "color": "rgb(157, 157, 157)",
            "lane": "Left",
            "make": null,
            "logo_bbox": null,
            "license_plate_present": false,
            "license_plate_bbox": null,
            "license_plate_color": null
        }
    ]
}