{
    "incoming_traffic": false,
    "outgoing_traffic": true,
    "vehicle_count": 1,
    "vehicles": [
        {
            "type": "car",
            "bbox": [
                1076,
                108,
                1542,
                529
            ],
            "color": "rgb(61, 62, 66)",
            "lane": "Right",
            "make": null,
            "logo_bbox": null,
            "license_plate_present": false,
            "license_plate_bbox": null,
            "license_plate_color": null
        }
    ]
}