{
    "incoming_traffic": true,
    "outgoing_traffic": true,
    "vehicle_count": 3,
    "vehicles": [
        {
            "type": "car",
            "bbox": [
                347,
                62,
                720,
                386
            ],
            "color": "rgb(79, 83, 89)",
            "lane": "Left",
            "make": null,
            "logo_bbox": null,
            "license_plate_present": false,
            "license_plate_bbox": null,
            "license_plate_color": null
        },
        {
            "type": "car",
            "bbox": [
                190,
                570,
                776,
                1168
            ],
            "color": "rgb(104, 107, 112)",
            "lane": "Left",
            "make": null,
            "logo_bbox": null,
            "license_plate_present": false,
            "license_plate_bbox": null,
            "license_plate_color": null
        },
        {
            "type": "truck",
            "bbox": [
                1377,
                182,
                2046,
                1438
            ],
            "color": "rgb(72, 76, 80)",
            "lane": "Right",
            "make": null,
            "logo_bbox": null,
            "license_plate_present": false,
            "license_plate_bbox": null,
            "license_plate_color": null
        }
    ]
}