{
    "incoming_traffic": true,
    "outgoing_traffic": true,
    "vehicle_count": 3,
    "vehicles": [
        {
            "type": "car",
            "bbox": [
                336,
                64,
                767,
                415
            ],
            "color": "rgb(78, 80, 86)",
            "lane": "Left",
            "make": null,
            "logo_bbox": null,
            "license_plate_present": false,
            "license_plate_bbox": null,
            "license_plate_color": null
        },
        {
            "type": "car",
            "bbox": [
                976,
                652,
                1546,
                1272
            ],
            "color": "rgb(89, 91, 101)",
            "lane": "Right",
            "make": null,
            "logo_bbox": null,
            "license_plate_present": false,
            "license_plate_bbox": null,
            "license_plate_color": null
        },
        {
            "type": "truck",
            "bbox": [
                975,
                653,
                1543,
                1272
            ],
            "color": "rgb(89, 91, 100)",
            "lane": "Right",
            "make": null,
            "logo_bbox": null,
            "license_plate_present": false,
            "license_plate_bbox": null,
            "license_plate_color": null
        }
    ]
}