{
    "incoming_traffic": true,
    "outgoing_traffic": true,
    "vehicle_count": 2,
    "vehicles": [
        {
            "type": "car",
            "bbox": [
                81,
                253,
                583,
                729
            ],
            "color": "rgb(132, 132, 132)",
            "lane": "Left",
            "make": null,
            "logo_bbox": null,
            "license_plate_present": false,
            "license_plate_bbox": null,
            "license_plate_color": null
        },
        {
            "type": "truck",
            "bbox": [
                702,
                271,
                1452,
                1157
            ],
            "color": "rgb(149, 149, 149)",
            "lane": "Right",
            "make": null,
            "logo_bbox": null,
            "license_plate_present": false,
            "license_plate_bbox": null,
            "license_plate_color": null
        }
    ]
}