{
    "incoming_traffic": true,
    "outgoing_traffic": true,
    "vehicle_count": 3,
    "vehicles": [
        {
            "type": "car",
            "bbox": [
                644,
                65,
                981,
                394
            ],
            "color": "rgb(93, 97, 102)",
            "lane": "Left",
            "make": null,
            "logo_bbox": null,
            "license_plate_present": false,
            "license_plate_bbox": null,
            "license_plate_color": null
        },
        {
            "type": "bus",
            "bbox": [
                1122,
                619,
                1579,
                1152
            ],
            "color": "rgb(109, 99, 63)",
            "lane": "Right",
            "make": null,
            "logo_bbox": null,
            "license_plate_present": false,
            "license_plate_bbox": null,
            "license_plate_color": null
        },
        {
            "type": "truck",
            "bbox": [
                1121,
                620,
                1581,
                1153
            ],
            "color": "rgb(109, 99, 63)",
            "lane": "Right",
            "make": null,
            "logo_bbox": null,
            "license_plate_present": false,
            "license_plate_bbox": null,
            "license_plate_color": null
        }
    ]
}