{
    "incoming_traffic": true,
    "outgoing_traffic": true,
    "vehicle_count": 3,
    "vehicles": [
        {
            "type": "car",
            "bbox": [
                1408,
                152,
                1866,
                553
            ],
            "color": "rgb(163, 163, 163)",
            "lane": "Right",
            "make": null,
            "logo_bbox": null,
            "license_plate_present": false,
            "license_plate_bbox": null,
            "license_plate_color": null
        },
        {
            "type": "car",
            "bbox": [
                704,
                619,
                1300,
                1232
            ],
            "color": "rgb(156, 156, 156)",
            "lane": "Left",
            "make": null,
            "logo_bbox": null,
            "license_plate_present": false,
            "license_plate_bbox": null,
            "license_plate_color": null
        },
        {
            "type": "bus",
            "bbox": [
                705,
                619,
                1300,
                1234
            ],
            "color": "rgb(156, 156, 156)",
            "lane": "Left",
            "make": null,
            "logo_bbox": null,
            "license_plate_present": false,
            "license_plate_bbox": null,
            "license_plate_color": null
        }
    ]
}