{
    "incoming_traffic": true,
    "outgoing_traffic": true,
    "vehicle_count": 3,
    "vehicles": [
        {
            "type": "car",
            "bbox": [
                358,
                63,
                753,
                410
            ],
            "color": "rgb(89, 94, 101)",
            "lane": "Left",
            "make": null,
            "logo_bbox": null,
            "license_plate_present": false,
            "license_plate_bbox": null,
            "license_plate_color": null
        },
        {
            "type": "truck",
            "bbox": [
                939,
                210,
                1685,
                1113
            ],
            "color": "rgb(75, 74, 76)",
            "lane": "Right",
            "make": null,
            "logo_bbox": null,
            "license_plate_present": false,
            "license_plate_bbox": null,
            "license_plate_color": null
        },
        {
            "type": "truck",
            "bbox": [
                945,
                472,
                1667,
                1096
            ],
            "color": "rgb(79, 81, 84)",
            "lane": "Right",
            "make": null,
            "logo_bbox": null,
            "license_plate_present": false,
            "license_plate_bbox": null,
            "license_plate_color": null
        }
    ]
}