{
    "incoming_traffic": false,
    "outgoing_traffic": true,
    "vehicle_count": 2,
    "vehicles": [
        {
            "type": "truck",
            "bbox": [
                782,
                64,
                1523,
                1106
            ],
            "color": "rgb(139, 139, 139)",
            "lane": "Right",
            "make": null,
            "logo_bbox": null,
            "license_plate_present": false,
            "license_plate_bbox": null,
            "license_plate_color": null
        },
        {
            "type": "bus",
            "bbox": [
                781,
                135,
                1524,
                1099
            ],
            "color": "rgb(139, 139, 139)",
            "lane": "Right",
            "make": null,
            "logo_bbox": null,
            "license_plate_present": false,
            "license_plate_bbox": null,
            "license_plate_color": null
        }
    ]
}