{
    "incoming_traffic": false,
    "outgoing_traffic": true,
    "vehicle_count": 2,
    "vehicles": [
        {
            "type": "truck",
            "bbox": [
                845,
                72,
                1599,
                1115
            ],
            "color": "rgb(82, 77, 81)",
            "lane": "Right",
            "make": null,
            "logo_bbox": null,
            "license_plate_present": false,
            "license_plate_bbox": null,
            "license_plate_color": null
        },
        {
            "type": "bus",
            "bbox": [
                851,
                82,
                1602,
                1087
            ],
            "color": "rgb(83, 77, 82)",
            "lane": "Right",
            "make": null,
            "logo_bbox": null,
            "license_plate_present": false,
            "license_plate_bbox": null,
            "license_plate_color": null
        }
    ]
}