{
    "incoming_traffic": false,
    "outgoing_traffic": true,
    "vehicle_count": 2,
    "vehicles": [
        {
            "type": "truck",
            "bbox": [
                883,
                477,
                1464,
                1174
            ],
            "color": "rgb(81, 83, 88)",
            "lane": "Right",
            "make": null,
            "logo_bbox": null,
            "license_plate_present": false,
            "license_plate_bbox": null,
            "license_plate_color": null
        },
        {
            "type": "car",
            "bbox": [
                882,
                478,
                1467,
                1174
            ],
            "color": "rgb(81, 83, 88)",
            "lane": "Right",
            "make": null,
            "logo_bbox": null,
            "license_plate_present": false,
            "license_plate_bbox": null,
            "license_plate_color": null
        }
    ]
}