{
    "incoming_traffic": true,
    "outgoing_traffic": true,
    "vehicle_count": 2,
    "vehicles": [
        {
            "type": "car",
            "bbox": [
                1051,
                88,
                1430,
                472
            ],
            "color": "rgb(62, 62, 62)",
            "lane": "Right",
            "make": null,
            "logo_bbox": null,
            "license_plate_present": false,
            "license_plate_bbox": null,
            "license_plate_color": null
        },
        {
            "type": "car",
            "bbox": [
                419,
                612,
                968,
                1224
            ],
            "color": "rgb(98, 98, 98)",
            "lane": "Left",
            "make": null,
            "logo_bbox": null,
            "license_plate_present": false,
            "license_plate_bbox": null,
            "license_plate_color": null
        }
    ]
}